{
	"products":[
		{
			"title" : "Moby Dick",
			"publishedYear" : "1851",
			"price" : "15.20"
		},
		{
			"title" : "The Terrible Privacy of Maxwell Sim",
			"publishedYear" : "2010",
			"price" : "13.14"
		},
		{
			"title" : "Still Life With Woodpecker",
			"publishedYear" : "1980",
			"price" : "11.05"
		},
		{
			"title" : "Sleeping Murder",
			"publishedYear" : "1976",
			"price" : "12.87"
		},
		{
			"title" : "The Time Machine",
			"publishedYear" : "1895",
			"price" : "10.43"
		},
		{
			"title" : "The Caves of Steel",
			"publishedYear" : "1954",
			"price" : "8.12"
		},
		{
			"title" : "Idle Thoughts of an Idle Fellow",
			"publishedYear" : "1886",
			"price" : "7.32"
		},
		{
			"title" : "A Christmas Carol",
			"publishedYear" : "1843",
			"price" : "4.23"
		},
		{
			"title" : "A Tale of Two Cities",
			"publishedYear" : "1859",
			"price" : "6.32"
		},
		{
			"title" : "Great Expectations",
			"publishedYear" : "1861",
			"price" : "13.21"
		}
		
	]
}